,m,m_unit,p,p_unit,h,h_unit,T,T_unit,Td_bp,Td_bp_unit,Td_dew,Td_dew_unit,v,v_unit,vol,vol_unit,x,x_unit,s,s_unit,phase,Ar,O2,CH4,CO2,DowthermA,N2,Solar Salt,water,H2O
c1,400.0,kg / s,1.0,bar,293.56151845905185,kJ / kg,20.0,C,0.0,K,0.0,K,336.5494501213644,m^3 / s,0.8413736253034109,m^3 / kg,0.0,-,6845.981857401433,J / kgK,,0.0129,0.2314,0.0,0.0004,,0.7553,,,0.0
c10,2191.8348454291663,kg / s,20.0,bar,1769.0664717479954,kJ / kg,394.2756010459145,C,-105.72439895408547,K,105.72439895408547,K,3.006840315861953,m^3 / s,0.001371837080760164,m^3 / kg,0.0,-,630.73458415483,J / kgK,l,,,,,1.0,,,,
c11,1229.8119718870903,kg / s,20.0,bar,1769.0664717479954,kJ / kg,394.2756010459145,C,-105.72439895408547,K,105.72439895408547,K,1.6871016653974868,m^3 / s,0.001371837080760164,m^3 / kg,0.0,-,630.73458415483,J / kgK,l,,,,,1.0,,,,
c12,962.022873542076,kg / s,20.0,bar,1769.0664717479954,kJ / kg,394.2756010459145,C,-105.72439895408547,K,105.72439895408547,K,1.319738650464466,m^3 / s,0.001371837080760164,m^3 / kg,0.0,-,630.73458415483,J / kgK,l,,,,,1.0,,,,
c13,14.041683030732536,kg / s,20.0,bar,1728.815,kJ / kg,375.0,C,-125.0,K,125.0,K,0.018814640230530148,m^3 / s,0.0013399134697280382,m^3 / kg,0.0,-,602.2369999999999,J / kgK,l,,,,,1.0,,,,
c14,953.0,kg / s,1.0,bar,722.3648,kJ / kg,389.0,C,-1637.85,K,1637.85,K,0.5292665520755524,m^3 / s,0.0005553688899008944,m^3 / kg,0.0,-,180.23499999999996,J / kgK,l,,,,,,,1.0,,
c15,10.0,kg / s,1.0,bar,709.0047999999999,kJ / kg,384.0,C,-1642.85,K,1642.85,K,0.005545143009238208,m^3 / s,0.0005545143009238208,m^3 / kg,0.0,-,165.73499999999993,J / kgK,l,,,,,,,1.0,,
c16,953.0,kg / s,1.0,bar,464.69599999999997,kJ / kg,292.0,C,-1734.85,K,1734.85,K,0.5139017708850111,m^3 / s,0.0005392463493022153,m^3 / kg,0.0,-,-101.06500000000007,J / kgK,l,,,,,,,1.0,,
c17,10.0,kg / s,1.0,bar,477.89599999999996,kJ / kg,297.0,C,-1729.85,K,1729.85,K,0.005400544914981923,m^3 / s,0.0005400544914981923,m^3 / kg,0.0,-,-86.56500000000005,J / kgK,l,,,,,,,1.0,,
c18,1229.8119718870903,kg / s,14.0,bar,1569.395,kJ / kg,299.0,C,-201.0,K,201.0,K,1.5093553801890753,m^3 / s,0.0012273058115323421,m^3 / kg,0.0,-,486.30999999999995,J / kgK,l,,,,,1.0,,,,
c19,14.041683030732536,kg / s,20.0,bar,1564.2273223735622,kJ / kg,296.62491541598206,C,-203.37508458401794,K,203.37508458401794,K,0.01718829628328212,m^3 / s,0.0012240908903628364,m^3 / kg,0.0,-,482.6148646655712,J / kgK,l,,,,,1.0,,,,
c2,11.5,kg / s,1.0,bar,898.8353788707262,kJ / kg,20.000000000000057,C,181.64237401545336,K,-181.64237401545336,K,17.439928288603333,m^3 / s,1.5165155033568116,m^3 / kg,-1.0,-,6643.671155930809,J / kgK,state not recognised,0.0,0.0,1.0,0.0,,0.0,,,0.0
c20,14.041683030732536,kg / s,14.0,bar,1564.4318678281077,kJ / kg,296.63660372767026,C,-203.36339627232974,K,203.36339627232974,K,0.017188517862319338,m^3 / s,0.0012241066704539217,m^3 / kg,0.0,-,482.5285659642724,J / kgK,l,,,,,1.0,,,,
c21,976.0645565728086,kg / s,20.0,bar,1768.487413319944,kJ / kg,393.9981355491399,C,-106.00186445086013,K,106.00186445086013,K,1.3385424929532221,m^3 / s,0.0013713667645643835,m^3 / kg,0.0,-,630.3244177682936,J / kgK,l,,,,,1.0,,,,
c22,107.36710122300894,kg / s,20.0,bar,1768.487413319944,kJ / kg,393.9981355491399,C,-106.00186445086013,K,106.00186445086013,K,0.14723967422485446,m^3 / s,0.0013713667645643835,m^3 / kg,0.0,-,630.3244177682936,J / kgK,l,,,,,1.0,,,,
c23,868.6974553497996,kg / s,20.0,bar,1768.487413319944,kJ / kg,393.9981355491399,C,-106.00186445086013,K,106.00186445086013,K,1.1913028187283676,m^3 / s,0.0013713667645643835,m^3 / kg,0.0,-,630.3244177682936,J / kgK,l,,,,,1.0,,,,
c24,434.3487276748998,kg / s,20.0,bar,1768.487413319944,kJ / kg,393.9981355491399,C,-106.00186445086013,K,106.00186445086013,K,0.5956514093641838,m^3 / s,0.0013713667645643835,m^3 / kg,0.0,-,630.3244177682936,J / kgK,l,,,,,1.0,,,,
c25,42.392254717738524,kg / s,100.0,bar,3005.8871048124224,kJ / kg,371.99813554914,C,61.000988582624814,K,-61.000988582624814,K,1.0309477229258852,m^3 / s,0.02431924722547248,m^3 / kg,1.0,-,6075.096668462184,J / kgK,g,,,,,,,,1.0,
c26,434.3487276748998,kg / s,18.4,bar,1741.031527788471,kJ / kg,380.81919039864226,C,-119.18080960135774,K,119.18080960135774,K,0.5861072830277734,m^3 / s,0.0013493933461374416,m^3 / kg,0.0,-,610.8144988501667,J / kgK,l,,,,,1.0,,,,
c27,42.392254717738524,kg / s,100.5,bar,2724.575600453858,kJ / kg,311.3639592693546,C,0.0,K,0.0,K,0.7596291252338752,m^3 / s,0.017919054560596833,m^3 / kg,1.0,-,5612.843349979913,J / kgK,tp,,,,,,,,1.0,
c28,423.92254717738524,kg / s,100.5,bar,1543.477481475073,kJ / kg,311.3639592693546,C,0.0,K,0.0,K,1.3241748844704095,m^3 / s,0.003123624570778786,m^3 / kg,0.10138492090710562,-,3592.193371910678,J / kgK,tp,,,,,,,,1.0,
c29,423.92254717738524,kg / s,100.502,bar,1410.2221918226105,kJ / kg,311.3640782024203,C,-0.0013454785101885136,K,0.0013454785101885136,K,0.6165323833723461,m^3 / s,0.0014543514787722898,m^3 / kg,0.0,-,3364.216642852937,J / kgK,l,,,,,,,,1.0,
c3,400.0,kg / s,15.0,bar,722.4748825388479,kJ / kg,434.6817579342036,C,0.0,K,0.0,K,54.39366146146535,m^3 / s,0.13598415365366337,m^3 / kg,0.0,-,6974.583720987783,J / kgK,,0.0129,0.2314,0.0,0.0004,,0.7553,,,0.0
c30,423.92254717738524,kg / s,100.5,bar,1410.2218282346753,kJ / kg,311.3639592693546,C,0.0,K,0.0,K,0.6165326061787962,m^3 / s,0.0014543520043552099,m^3 / kg,0.0,-,3364.216518446018,J / kgK,tp,,,,,,,,1.0,
c31,0.0,kg / s,100.5,bar,1410.2218282346753,kJ / kg,311.3639592693546,C,0.0,K,0.0,K,0.0,m^3 / s,0.0014543520043552099,m^3 / kg,0.0,-,3364.216518446018,J / kgK,tp,,,,,,,,1.0,
c32,42.392254717738524,kg / s,100.5,bar,1392.019068049876,kJ / kg,308.3628193812973,C,-3.0011398880573097,K,3.0011398880573097,K,0.06096253648414703,m^3 / s,0.0014380583644360394,m^3 / kg,0.0,-,3332.994908718507,J / kgK,l,,,,,,,,1.0,
c33,434.3487276748998,kg / s,18.4,bar,1610.9749207008563,kJ / kg,318.86281938136005,C,-181.13718061863995,K,181.13718061863995,K,0.5450503987287596,m^3 / s,0.00125486818309899,m^3 / kg,0.0,-,517.4869982349217,J / kgK,l,,,,,1.0,,,,
c34,434.3487276748998,kg / s,16.8,bar,1578.925613432462,kJ / kg,303.57838734879135,C,-196.42161265120865,K,196.42161265120865,K,0.5357913178881742,m^3 / s,0.001233551024211131,m^3 / kg,0.0,-,493.61528426411445,J / kgK,l,,,,,1.0,,,,
c35,42.392254717738524,kg / s,101.0,bar,1063.6436153272832,kJ / kg,245.35404528878325,C,-66.37531711048689,K,66.37531711048689,K,0.05216603742557347,m^3 / s,0.0012305558591519132,m^3 / kg,0.0,-,2736.4573200328027,J / kgK,l,,,,,,,,1.0,
c36,868.6974553497996,kg / s,16.8,bar,1578.925613432462,kJ / kg,303.57838734879135,C,-196.42161265120865,K,196.42161265120865,K,1.0715826357763485,m^3 / s,0.001233551024211131,m^3 / kg,0.0,-,493.61528426411445,J / kgK,l,,,,,1.0,,,,
c37,53.68355061150447,kg / s,20.0,bar,1768.487413319944,kJ / kg,393.9981355491399,C,-106.00186445086013,K,106.00186445086013,K,0.07361983711242723,m^3 / s,0.0013713667645643835,m^3 / kg,0.0,-,630.3244177682936,J / kgK,l,,,,,1.0,,,,
c38,33.90279888079745,kg / s,17.0,bar,2682.079244113178,kJ / kg,204.3069518903447,C,0.0,K,0.0,K,3.7267124426742746,m^3 / s,0.1099234448393901,m^3 / kg,0.9415513285781285,-,6162.7686240876055,J / kgK,tp,,,,,,,,1.0,
c39,53.68355061150447,kg / s,18.4,bar,1447.1642897565166,kJ / kg,240.85775702691274,C,-259.14224297308726,K,259.14224297308726,K,0.06190596167062239,m^3 / s,0.0011531644417229706,m^3 / kg,0.0,-,391.48003180521334,J / kgK,l,,,,,1.0,,,,
c4,411.5,kg / s,15.0,bar,2254.5091313302455,kJ / kg,1497.50244107976,C,0.0,K,0.0,K,142.83588685438318,m^3 / s,0.3471102961224378,m^3 / kg,0.0,-,7996.441853287783,J / kgK,,0.012539489671931957,0.1134494340640003,0.0,0.07705383663703337,,0.7341919805589308,,,0.06276514758014337
c40,33.90279888079745,kg / s,16.5,bar,3190.879895856914,kJ / kg,370.99813554914056,C,168.1421018767905,K,-168.1421018767905,K,5.9499649111992445,m^3 / s,0.1755006992820674,m^3 / kg,1.0,-,7128.357266993068,J / kgK,g,,,,,,,,1.0,
c41,67.8055977615949,kg / s,16.5,bar,3190.879895856914,kJ / kg,370.99813554914056,C,168.1421018767905,K,-168.1421018767905,K,11.899929822398489,m^3 / s,0.1755006992820674,m^3 / kg,1.0,-,7128.357266993068,J / kgK,g,,,,,,,,1.0,
c42,67.8055977615949,kg / s,17.0,bar,2682.079244113178,kJ / kg,204.3069518903447,C,0.0,K,0.0,K,7.453424885348549,m^3 / s,0.1099234448393901,m^3 / kg,0.9415513285781285,-,6162.7686240876055,J / kgK,tp,,,,,,,,1.0,
c43,84.78450943547705,kg / s,101.0,bar,1063.6436153272832,kJ / kg,245.35404528878325,C,-66.37531711048689,K,66.37531711048689,K,0.10433207485114694,m^3 / s,0.0012305558591519132,m^3 / kg,0.0,-,2736.4573200328027,J / kgK,l,,,,,,,,1.0,
c44,84.78450943547705,kg / s,100.0,bar,3005.8871048124224,kJ / kg,371.99813554914,C,61.000988582624814,K,-61.000988582624814,K,2.0618954458517704,m^3 / s,0.02431924722547248,m^3 / kg,1.0,-,6075.096668462184,J / kgK,g,,,,,,,,1.0,
c45,74.51164589186253,kg / s,40.0,bar,2827.9756887524236,kJ / kg,257.4577415515166,C,7.103696262733251,K,-7.103696262733251,K,3.8199981154348475,m^3 / s,0.051267128375861476,m^3 / kg,1.0,-,6121.100009472683,J / kgK,g,,,,,,,,1.0,
c46,10.272863543614529,kg / s,40.0,bar,2827.9756887524236,kJ / kg,257.4577415515166,C,7.103696262733251,K,-7.103696262733251,K,0.5266602140781933,m^3 / s,0.051267128375861476,m^3 / kg,1.0,-,6121.100009472683,J / kgK,g,,,,,,,,1.0,
c47,74.51164589186253,kg / s,17.0,bar,2682.079244113178,kJ / kg,204.3069518903447,C,0.0,K,0.0,K,8.190576797086319,m^3 / s,0.1099234448393901,m^3 / kg,0.9415513285781285,-,6162.7686240876055,J / kgK,tp,,,,,,,,1.0,
c48,6.706048130267627,kg / s,17.0,bar,2682.079244113178,kJ / kg,204.3069518903447,C,0.0,K,0.0,K,0.7371519117377686,m^3 / s,0.1099234448393901,m^3 / kg,0.9415513285781285,-,6162.7686240876055,J / kgK,tp,,,,,,,,1.0,
c49,84.78450943547705,kg / s,101.05,bar,852.7589183732954,kJ / kg,199.30695189034475,C,-112.45887377858412,K,112.45887377858412,K,0.09725162779926187,m^3 / s,0.0011470447661582873,m^3 / kg,0.0,-,2310.73760583741,J / kgK,l,,,,,,,,1.0,
c5,411.5,kg / s,0.9,bar,1299.8155692240166,kJ / kg,762.7807743892298,C,0.0,K,0.0,K,1390.508761258754,m^3 / s,3.379122141576559,m^3 / kg,0.0,-,8129.029724592685,J / kgK,,0.012539489671931957,0.1134494340640003,0.0,0.07705383663703337,,0.7341919805589308,,,0.06276514758014337
c50,10.272863543614529,kg / s,40.0,bar,1087.4915965825319,kJ / kg,250.35404528878337,C,0.0,K,0.0,K,0.012867332399641414,m^3 / s,0.0012525555649612002,m^3 / kg,0.0,-,2796.7620237164715,J / kgK,tp,,,,,,,,1.0,
c51,10.272863543614529,kg / s,17.0,bar,1087.4915965825319,kJ / kg,204.3069518903447,C,0.0,K,0.0,K,0.14510525163339205,m^3 / s,0.01412510260818051,m^3 / kg,0.11221164940007448,-,2823.016964346627,J / kgK,tp,,,,,,,,1.0,
c52,16.978911673882155,kg / s,17.0,bar,871.740060107472,kJ / kg,204.3069518903447,C,0.0,K,0.0,K,0.019752534780220488,m^3 / s,0.0011633569429897479,m^3 / kg,0.0,-,2371.1405478008883,J / kgK,tp,,,,,,,,1.0,
c53,16.978911673882155,kg / s,6.0,bar,871.740060107472,kJ / kg,158.8264772652176,C,0.0,K,0.0,K,0.5341762403475312,m^3 / s,0.031461159031130885,m^3 / kg,0.09654144177580809,-,2396.968290487951,J / kgK,tp,,,,,,,,1.0,
c54,84.78450943547706,kg / s,6.0,bar,670.3772398411787,kJ / kg,158.8264772652176,C,0.0,K,0.0,K,0.0933139882171535,m^3 / s,0.0011006018533157589,m^3 / kg,0.0,-,1930.8252691338873,J / kgK,tp,,,,,,,,1.0,
c55,84.78450943547705,kg / s,101.1,bar,683.4283662573943,kJ / kg,160.54682539413318,C,-151.25544958412468,K,151.25544958412468,K,0.09291604857772923,m^3 / s,0.0010959083115110841,m^3 / kg,0.0,-,1936.848029711117,J / kgK,l,,,,,,,,1.0,
c56,2.9277193779738635,kg / s,6.0,bar,2960.608773900205,kJ / kg,251.4546402120617,C,92.6281629468441,K,-92.6281629468441,K,1.1567214273819917,m^3 / s,0.3950929983537234,m^3 / kg,1.0,-,7189.079787726437,J / kgK,g,,,,,,,,1.0,
c57,64.87787838362104,kg / s,6.0,bar,2960.608773900205,kJ / kg,251.4546402120617,C,92.6281629468441,K,-92.6281629468441,K,25.632795497413056,m^3 / s,0.3950929983537234,m^3 / kg,1.0,-,7189.079787726437,J / kgK,g,,,,,,,,1.0,
c58,2.7469873710662536,kg / s,2.5,bar,2795.4943876421275,kJ / kg,164.48422530476205,C,37.07281883097403,K,-37.07281883097403,K,2.178506349535314,m^3 / s,0.7930529177095265,m^3 / kg,1.0,-,7241.174216115672,J / kgK,g,,,,,,,,1.0,
c59,62.130891012554784,kg / s,2.5,bar,2795.4943876421275,kJ / kg,164.48422530476205,C,37.07281883097403,K,-37.07281883097403,K,49.27308439739917,m^3 / s,0.7930529177095265,m^3 / kg,1.0,-,7241.174216115672,J / kgK,g,,,,,,,,1.0,
c6,1091.8348454291665,kg / s,35.0,bar,1566.429121148202,kJ / kg,297.8876767372391,C,-202.11232326276092,K,202.11232326276092,K,1.3383690438749551,m^3 / s,0.0012257980677919137,m^3 / kg,0.0,-,484.8977827795825,J / kgK,l,,,,,1.0,,,,
c60,2.180256668507856,kg / s,1.2,bar,2677.755841785733,kJ / kg,104.78354962909663,C,0.0,K,0.0,K,3.1068438491847616,m^3 / s,1.4249899537337738,m^3 / kg,0.9976388838511143,-,7283.655907060817,J / kgK,tp,,,,,,,,1.0,
c61,59.950634344046925,kg / s,1.2,bar,2677.755841785733,kJ / kg,104.78354962909663,C,0.0,K,0.0,K,85.42905166023382,m^3 / s,1.4249899537337738,m^3 / kg,0.9976388838511143,-,7283.655907060817,J / kgK,tp,,,,,,,,1.0,
c62,3.893734701479261,kg / s,0.6,bar,2577.6413577891503,kJ / kg,85.92599826751842,C,0.0,K,0.0,K,10.287796050887163,m^3 / s,2.642140987925743,m^3 / kg,0.9671976875108531,-,7321.675644264953,J / kgK,tp,,,,,,,,1.0,
c63,56.056899642567664,kg / s,0.6,bar,2577.6413577891503,kJ / kg,85.92599826751842,C,0.0,K,0.0,K,148.11023220166794,m^3 / s,2.642140987925743,m^3 / kg,0.9671976875108531,-,7321.675644264953,J / kgK,tp,,,,,,,,1.0,
c64,56.056899642567664,kg / s,0.08,bar,2325.6052449936365,kJ / kg,41.50876547946916,C,0.0,K,0.0,K,908.7390706372144,m^3 / s,16.21101196162389,m^3 / kg,0.8956859741738127,-,7430.900508169134,J / kgK,tp,,,,,,,,1.0,
c65,4435.145694302481,kg / s,1.95,bar,153.10919372834636,kJ / kg,36.508765479460635,C,-82.90282867317205,K,82.90282867317205,K,4.4639525683098435,m^3 / s,0.0010064951358969715,m^3 / kg,0.0,-,525.4757635691476,J / kgK,l,,,,,,,,1.0,
c66,4435.145694302481,kg / s,2.0,bar,125.91249988837369,kJ / kg,29.99999999999983,C,-90.2100913279624,K,90.2100913279624,K,4.454328557992065,m^3 / s,0.001004325193581403,m^3 / kg,0.0,-,436.69521299955096,J / kgK,l,,,,,,,,1.0,
c67,56.056899642567664,kg / s,0.08,bar,173.8398003699036,kJ / kg,41.50876547946916,C,0.0,K,0.0,K,0.05653233943259508,m^3 / s,0.001008481378618135,m^3 / kg,0.0,-,592.4911559143899,J / kgK,tp,,,,,,,,1.0,
c68,64.87787838362104,kg / s,0.08,bar,199.13798029564856,kJ / kg,41.50876547946916,C,0.0,K,0.0,K,12.4298579997555,m^3 / s,0.1915885400299021,m^3 / kg,0.010530527380774802,-,672.8899329425659,J / kgK,tp,,,,,,,,1.0,
c69,8.82097874105337,kg / s,0.08,bar,359.9067084456224,kJ / kg,41.50876547946916,C,0.0,K,0.0,K,12.373325660322916,m^3 / s,1.4027157329760593,m^3 / kg,0.07745152718095254,-,1183.8203305273864,J / kgK,tp,,,,,,,,1.0,
c7,1091.8348454291665,kg / s,34.998,bar,1769.7598785052821,kJ / kg,394.82345470044766,C,-105.17654529955234,K,105.17654529955234,K,1.4988344791730046,m^3 / s,0.0013727666647091292,m^3 / kg,0.0,-,631.8069197745747,J / kgK,l,,,,,1.0,,,,
c70,64.87787838362104,kg / s,6.15,bar,200.21109800296807,kJ / kg,47.69121811500776,C,-112.10264223527503,K,112.10264223527503,K,0.0655805182125424,m^3 / s,0.0010108301912212154,m^3 / kg,0.0,-,673.5589265338066,J / kgK,l,,,,,,,,1.0,
c71,8.82097874105337,kg / s,0.6,bar,359.9067084456224,kJ / kg,85.92599826751842,C,0.0,K,0.0,K,0.009112672095590177,m^3 / s,0.0010330681393867609,m^3 / kg,0.0,-,1145.4492742381947,J / kgK,tp,,,,,,,,1.0,
c72,64.87787838362104,kg / s,6.1,bar,339.3456328825155,kJ / kg,80.92599826751535,C,-78.54751052779739,K,78.54751052779739,K,0.06678530315497638,m^3 / s,0.0010294002334675127,m^3 / kg,0.0,-,1086.1952782224892,J / kgK,l,,,,,,,,1.0,
c73,4.927244039574109,kg / s,0.6,bar,439.35945462804165,kJ / kg,85.92599826751842,C,0.0,K,0.0,K,0.4713087307635876,m^3 / s,0.09565362035616275,m^3 / kg,0.03465090487573435,-,1366.7192743656483,J / kgK,tp,,,,,,,,1.0,
c74,4.927244039574109,kg / s,1.2,bar,439.35945462804165,kJ / kg,104.78354962909663,C,0.0,K,0.0,K,0.0051601502980556735,m^3 / s,0.0010472690730580691,m^3 / kg,0.0,-,1360.931159934116,J / kgK,tp,,,,,,,,1.0,
c75,64.87787838362104,kg / s,6.05,bar,418.6322840389615,kJ / kg,99.78354962908782,C,-59.3675086973052,K,59.3675086973052,K,0.06766987539957292,m^3 / s,0.0010430346534984218,m^3 / kg,0.0,-,1304.3716755555463,J / kgK,l,,,,,,,,1.0,
c76,2.7469873710662536,kg / s,1.2,bar,535.3449928526653,kJ / kg,104.78354962909663,C,0.0,K,0.0,K,0.17060962838565139,m^3 / s,0.062107904165365206,m^3 / kg,0.04278013749917475,-,1614.9058026162056,J / kgK,tp,,,,,,,,1.0,
c77,2.7469873710662536,kg / s,2.5,bar,535.3449928526653,kJ / kg,127.41140647378802,C,0.0,K,0.0,K,0.0029316318582244924,m^3 / s,0.0010672170862899048,m^3 / kg,-4.62918985160524e-17,-,1607.2303611681778,J / kgK,tp,,,,,,,,1.0,
c78,64.87787838362104,kg / s,6.0,bar,514.3290299698072,kJ / kg,122.4114064737903,C,-36.4150707914273,K,36.4150707914273,K,0.06892034569682474,m^3 / s,0.0010623088703564057,m^3 / kg,0.0,-,1553.49782981985,J / kgK,l,,,,,,,,1.0,
c79,0.0,kg / s,6.0,bar,2756.142860929634,kJ / kg,158.8264772652176,C,0.0,K,0.0,K,0.0,m^3 / s,0.31558272082062383,m^3 / kg,0.9999999999999998,-,6759.249340493391,J / kgK,tp,,,,,,,,1.0,
c8,411.5,kg / s,0.88,bar,760.3171341567379,kJ / kg,303.88767673723794,C,0.0,K,0.0,K,792.167582334981,m^3 / s,1.925073104094729,m^3 / kg,0.0,-,7451.205008140109,J / kgK,,0.012539489671931957,0.1134494340640003,0.0,0.07705383663703337,,0.7341919805589308,,,0.06276514758014337
c80,107.36710122300894,kg / s,18.4,bar,1447.1642897565166,kJ / kg,240.85775702691274,C,-259.14224297308726,K,259.14224297308726,K,0.12381192334124479,m^3 / s,0.0011531644417229706,m^3 / kg,0.0,-,391.48003180521334,J / kgK,l,,,,,1.0,,,,
c81,976.0645565728086,kg / s,14.0,bar,1564.4318678281077,kJ / kg,296.63660372767026,C,-203.36339627232974,K,203.36339627232974,K,1.1948071344944242,m^3 / s,0.0012241066704539217,m^3 / kg,0.0,-,482.5285659642724,J / kgK,l,,,,,1.0,,,,
c82,962.022873542076,kg / s,14.0,bar,1564.4318678281077,kJ / kg,296.63660372767026,C,-203.36339627232974,K,203.36339627232974,K,1.1776186166321048,m^3 / s,0.0012241066704539217,m^3 / kg,0.0,-,482.5285659642724,J / kgK,l,,,,,1.0,,,,
c83,2191.8348454291663,kg / s,14.0,bar,1567.2166211482017,kJ / kg,297.9626767372389,C,-202.0373232627611,K,202.0373232627611,K,2.686969489007739,m^3 / s,0.0012258996131077678,m^3 / kg,0.0,-,484.6502827795822,J / kgK,l,,,,,1.0,,,,
c84,2191.8348454291663,kg / s,35.0,bar,1566.429121148202,kJ / kg,297.8876767372391,C,-202.11232326276092,K,202.11232326276092,K,2.68674691844606,m^3 / s,0.0012257980677919137,m^3 / kg,0.0,-,484.8977827795825,J / kgK,l,,,,,1.0,,,,
c85,1100.0,kg / s,35.0,bar,1566.429121148202,kJ / kg,297.8876767372391,C,-202.11232326276092,K,202.11232326276092,K,1.348377874571105,m^3 / s,0.0012257980677919137,m^3 / kg,0.0,-,484.8977827795825,J / kgK,l,,,,,1.0,,,,
c86,7.051282051282051,kg / s,35.0,bar,1566.429121148202,kJ / kg,297.8876767372391,C,-202.11232326276092,K,202.11232326276092,K,0.00864344791391734,m^3 / s,0.0012257980677919137,m^3 / kg,0.0,-,484.8977827795825,J / kgK,l,,,,,1.0,,,,
c87,7.051282051282051,kg / s,35.0,bar,1616.916393875475,kJ / kg,321.9292351787976,C,-178.07076482120237,K,178.07076482120237,K,0.008879213737394497,m^3 / s,0.0012592339482123105,m^3 / kg,0.0,-,522.5611068789242,J / kgK,l,,,,,1.0,,,,
c88,7.051282051282051,kg / s,35.0,bar,1667.4036666027473,kJ / kg,345.97079362035595,C,-154.02920637964405,K,154.02920637964405,K,0.00912820211684414,m^3 / s,0.0012945450274797145,m^3 / kg,0.0,-,559.301106302941,J / kgK,l,,,,,1.0,,,,
c89,7.051282051282051,kg / s,35.0,bar,1717.8909393300198,kJ / kg,370.01235206191427,C,-129.98764793808573,K,129.98764793808573,K,0.009391557493800723,m^3 / s,0.0013318936082117388,m^3 / kg,0.0,-,595.1177810516331,J / kgK,l,,,,,1.0,,,,
c9,1100.0,kg / s,35.0,bar,1768.3782120572926,kJ / kg,394.16143494411926,C,-105.83856505588074,K,105.83856505588074,K,1.508807877667483,m^3 / s,0.0013716435251522573,m^3 / kg,0.0,-,630.8283168739154,J / kgK,l,,,,,1.0,,,,
c90,7.051282051282051,kg / s,35.0,bar,1768.3782120572926,kJ / kg,394.16143494411926,C,-105.83856505588074,K,105.83856505588074,K,0.009671845369663352,m^3 / s,0.0013716435251522573,m^3 / kg,0.0,-,630.8283168739154,J / kgK,l,,,,,1.0,,,,
d15,10.0,kg / s,1.0,bar,709.0047999999999,kJ / kg,384.0,C,-1642.85,K,1642.85,K,0.005545143009238208,m^3 / s,0.0005545143009238208,m^3 / kg,0.0,-,165.73499999999993,J / kgK,l,,,,,,,1.0,,
d36,868.6974553497996,kg / s,14.0,bar,1578.925613432462,kJ / kg,303.5383873487914,C,-196.4616126512086,K,196.4616126512086,K,1.0715349983532156,m^3 / s,0.001233496186450482,m^3 / kg,0.0,-,493.5038842641146,J / kgK,l,,,,,1.0,,,,
d54,84.78450943547705,kg / s,6.0,bar,670.3772398411787,kJ / kg,158.8264772652176,C,0.0,K,0.0,K,0.09331398821715349,m^3 / s,0.0011006018533157589,m^3 / kg,0.0,-,1930.8252691338873,J / kgK,tp,,,,,,,,1.0,
d7,1091.8348454291665,kg / s,20.0,bar,1769.7598785052821,kJ / kg,394.6078584504477,C,-105.39214154955232,K,105.39214154955232,K,1.4984349020658578,m^3 / s,0.0013724006962581134,m^3 / kg,0.0,-,631.2257472745748,J / kgK,l,,,,,1.0,,,,
d80,107.36710122300894,kg / s,14.0,bar,1447.1642897565166,kJ / kg,240.79489988405555,C,-259.20510011594445,K,259.20510011594445,K,0.12380383788041284,m^3 / s,0.0011530891350346104,m^3 / kg,0.0,-,391.2974318052133,J / kgK,l,,,,,1.0,,,,
d84,2191.8348454291663,kg / s,35.0,bar,1566.429121148202,kJ / kg,297.8876767372391,C,-202.11232326276092,K,202.11232326276092,K,2.68674691844606,m^3 / s,0.0012257980677919137,m^3 / kg,0.0,-,484.8977827795825,J / kgK,l,,,,,1.0,,,,
d9,1100.0,kg / s,20.0,bar,1768.3782120572926,kJ / kg,393.94580994411933,C,-106.05419005588067,K,106.05419005588067,K,1.5084059171575337,m^3 / s,0.0013712781065068488,m^3 / kg,0.0,-,630.2470668739154,J / kgK,l,,,,,1.0,,,,
deaerator_cold_in,81.85679005750319,kg / s,6.0,bar,588.4639955324152,kJ / kg,139.80096600173755,C,-19.02551126348004,K,19.02551126348004,K,0.08835607003434713,m^3 / s,0.0010793981778698908,m^3 / kg,0.0,-,1736.9068494392677,J / kgK,l,,,,,,,,1.0,
h1_out,84.78450943547705,kg / s,40.0,bar,2827.9756887524236,kJ / kg,257.4577415515166,C,7.103696262733251,K,-7.103696262733251,K,4.3466583295130405,m^3 / s,0.051267128375861476,m^3 / kg,1.0,-,6121.100009472683,J / kgK,g,,,,,,,,1.0,
heater_h_hot_in,16.978911673882155,kg / s,17.0,bar,1717.2953035374283,kJ / kg,204.3069518903447,C,0.0,K,0.0,K,0.8822571633711608,m^3 / s,0.0519619384514671,m^3 / kg,0.4397704418439902,-,4142.096526307933,J / kgK,tp,,,,,,,,1.0,
heater_j_hot_in,4.927244039574109,kg / s,1.2,bar,1483.3405665554935,kJ / kg,104.78354962909663,C,0.0,K,0.0,K,3.277453477570414,m^3 / s,0.6651697077000682,m^3 / kg,0.46529567204469185,-,4123.271558006771,J / kgK,tp,,,,,,,,1.0,
heater_k_hot_in,8.82097874105337,kg / s,0.6,bar,1383.2345837148257,kJ / kg,85.92599826751842,C,0.0,K,0.0,K,10.759104781650754,m^3 / s,1.2197177997467818,m^3 / kg,0.44629340792359784,-,3995.341442488342,J / kgK,tp,,,,,,,,1.0,
l1_out,67.8055977615949,kg / s,6.0,bar,2960.608773900205,kJ / kg,251.4546402120617,C,92.6281629468441,K,-92.6281629468441,K,26.789516924795045,m^3 / s,0.3950929983537234,m^3 / kg,1.0,-,7189.079787726437,J / kgK,g,,,,,,,,1.0,
l2_out,64.87787838362104,kg / s,2.5,bar,2795.4943876421275,kJ / kg,164.48422530476205,C,37.07281883097403,K,-37.07281883097403,K,51.45159074693448,m^3 / s,0.7930529177095265,m^3 / kg,1.0,-,7241.174216115672,J / kgK,g,,,,,,,,1.0,
l3_out,62.130891012554784,kg / s,1.2,bar,2677.755841785733,kJ / kg,104.78354962909663,C,0.0,K,0.0,K,88.53589550941858,m^3 / s,1.4249899537337738,m^3 / kg,0.9976388838511143,-,7283.655907060817,J / kgK,tp,,,,,,,,1.0,
l4_out,59.950634344046925,kg / s,0.6,bar,2577.6413577891503,kJ / kg,85.92599826751842,C,0.0,K,0.0,K,158.39802825255512,m^3 / s,2.642140987925743,m^3 / kg,0.9671976875108531,-,7321.675644264953,J / kgK,tp,,,,,,,,1.0,
