,m,m_unit,p,p_unit,h,h_unit,T,T_unit,Td_bp,Td_bp_unit,Td_dew,Td_dew_unit,v,v_unit,vol,vol_unit,x,x_unit,s,s_unit,phase,Water
c1,529.9089007920321,kg / s,38.0,bar,3516.6347467215087,kJ / kg,530.0000000000011,C,282.669709164535,K,-282.669709164535,K,50.38915060614554,m^3 / s,0.09509021367791905,m^3 / kg,-1.0,-,7204.801529413584,J / kgK,state not recognised,1
c10,60.16397308941266,kg / s,21.5,bar,3346.277112282879,kJ / kg,445.48634147196924,C,229.42219199746756,K,-229.42219199746756,K,9.076561691333374,m^3 / s,0.15086373497714733,m^3 / kg,-1.0,-,7237.366788340239,J / kgK,state not recognised,1
c11,469.20705943351805,kg / s,10.24,bar,3151.1005662533166,kJ / kg,346.8960398836158,C,165.98486845849783,K,-165.98486845849783,K,128.69721045918942,m^3 / s,0.2742866030501924,m^3 / kg,1.0,-,7280.729773319218,J / kgK,g,1
c12,0.5378682691013607,kg / s,10.24,bar,3151.1005662533166,kJ / kg,346.8960398836158,C,165.98486845849783,K,-165.98486845849783,K,0.14753006042029898,m^3 / s,0.2742866030501924,m^3 / kg,1.0,-,7280.729773319218,J / kgK,g,1
c13,440.20698275480424,kg / s,3.9,bar,2937.0657675917723,kJ / kg,236.4986941646477,C,93.80068301450183,K,-93.80068301450183,K,261.48046266745075,m^3 / s,0.5939943547262985,m^3 / kg,1.0,-,7338.808519859098,J / kgK,g,1
c14,29.0000766787138,kg / s,3.9,bar,2937.0657675917723,kJ / kg,236.4986941646477,C,93.80068301450183,K,-93.80068301450183,K,17.22588183378578,m^3 / s,0.5939943547262985,m^3 / kg,1.0,-,7338.808519859098,J / kgK,g,1
c15,408.48829444236264,kg / s,1.27,bar,2736.147989821549,kJ / kg,130.93145276038865,C,24.504076012012547,K,-24.504076012012547,K,591.9356055685843,m^3 / s,1.4490882936478022,m^3 / kg,1.0,-,7407.763147619362,J / kgK,g,1
c16,31.71868831244162,kg / s,1.27,bar,2736.147989821549,kJ / kg,130.93145276038865,C,24.504076012012547,K,-24.504076012012547,K,45.963179923422516,m^3 / s,1.4490882936478022,m^3 / kg,1.0,-,7407.763147619362,J / kgK,g,1
c17,391.17005896183446,kg / s,0.251,bar,2506.515503419529,kJ / kg,65.052090697425,C,0.0,K,0.0,K,2302.962751714592,m^3 / s,5.887369697534255,m^3 / kg,0.9526367815289465,-,7500.35134188046,J / kgK,tp,1
c18,17.318235480528163,kg / s,0.251,bar,2506.515503419529,kJ / kg,65.052090697425,C,0.0,K,0.0,K,101.95885478282409,m^3 / s,5.887369697534255,m^3 / kg,0.9526367815289465,-,7500.35134188046,J / kgK,tp,1
c19,391.17005896183446,kg / s,0.058,bar,2330.0633812988376,kJ / kg,35.54213272406031,C,0.0,K,0.0,K,8651.397062354094,m^3 / s,22.116715899255954,m^3 / kg,0.9025669647051918,-,7578.298430470396,J / kgK,tp,1
c2,580.486,kg / s,191.0,bar,3347.0471093899196,kJ / kg,529.9999999986525,C,168.09017036878925,K,-168.09017036878925,K,9.733341379366212,m^3 / s,0.01676757299808473,m^3 / kg,-1.0,-,6297.003144826602,J / kgK,state not recognised,1
c20,13159.280916290661,kg / s,2.95,bar,128.26483541975819,kJ / kg,30.542132724411204,C,-102.40808867682642,K,102.40808867682642,K,13.21782744744538,m^3 / s,0.0010044490676600908,m^3 / kg,0.0,-,444.13345535739234,J / kgK,l,1
c21,13159.280916290661,kg / s,3.0,bar,63.2670213464866,kJ / kg,14.999999999954127,C,-118.52242046098888,K,118.52242046098888,K,13.169877861882547,m^3 / s,0.0010008052830287077,m^3 / kg,0.0,-,224.41829280752196,J / kgK,l,1
c22,469.24105943351805,kg / s,0.058,bar,148.8998510445377,kJ / kg,35.54213272406031,C,0.0,K,0.0,K,0.4721668076380557,m^3 / s,0.0010062350643570486,m^3 / kg,0.0,-,512.4768592933796,J / kgK,tp,1
c23,469.24105943351805,kg / s,4.0,bar,149.39563086948576,kJ / kg,35.57612927123017,C,-108.03222998387741,K,108.03222998387741,K,0.47208980247045396,m^3 / s,0.001006070958582301,m^3 / kg,0.0,-,512.7980493921427,J / kgK,l,1
c24,78.0710004716836,kg / s,0.058,bar,176.0370413870928,kJ / kg,35.54213272406031,C,0.0,K,0.0,K,21.560190053333773,m^3 / s,0.2761613137153746,m^3 / kg,0.011229387974982043,-,600.3870697126812,J / kgK,tp,1
c25,77.3491244674419,kg / s,0.058,bar,173.51470622646144,kJ / kg,35.54213272406031,C,0.0,K,0.0,K,19.38263286298572,m^3 / s,0.25058632526790053,m^3 / kg,0.01018564395564443,-,592.2160316678403,J / kgK,tp,1
c26,0.7218760042417142,kg / s,0.058,bar,446.30564034574763,kJ / kg,35.54213272406031,C,0.0,K,0.0,K,2.1775571903480477,m^3 / s,3.01652524471351,m^3 / kg,0.12306671957973227,-,1475.915048264205,J / kgK,tp,1
c27,0.7218760042417142,kg / s,1.27,bar,446.30564034574763,kJ / kg,106.4273767483761,C,0.0,K,0.0,K,0.0007569664682527454,m^3 / s,0.0010486100989710713,m^3 / kg,0.0,-,1379.2513176083478,J / kgK,tp,1
c28,0.7218760042417142,kg / s,1.27,bar,2755.5002608322548,kJ / kg,140.49419076568705,C,34.066814017310946,K,-34.066814017310946,K,1.0723047635446354,m^3 / s,1.4854417618037117,m^3 / kg,1.0,-,7455.097937281619,J / kgK,g,1
c29,469.24105943351805,kg / s,3.95,bar,152.94807401601187,kJ / kg,36.42737674838537,C,-106.72812669109652,K,106.72812669109652,K,0.4722332036097589,m^3 / s,0.001006376560865865,m^3 / kg,0.0,-,524.3052670304342,J / kgK,l,1
c3,0.008,kg / s,191.0,bar,3347.0471093899196,kJ / kg,529.9999999986525,C,168.09017036878925,K,-168.09017036878925,K,0.00013414058398467785,m^3 / s,0.01676757299808473,m^3 / kg,-1.0,-,6297.003144826602,J / kgK,state not recognised,1
c30,77.3491244674419,kg / s,0.251,bar,173.51470622646144,kJ / kg,41.42737674837565,C,-23.62471394904935,K,23.62471394904935,K,0.07800204408500273,m^3 / s,0.001008441202431912,m^3 / kg,0.0,-,591.4030466651218,J / kgK,l,1
c31,77.3491244674419,kg / s,0.251,bar,272.33418492664225,kJ / kg,65.052090697425,C,0.0,K,0.0,K,0.07888831152443954,m^3 / s,0.0010198992175747964,m^3 / kg,0.0,-,894.297210501076,J / kgK,tp,1
c32,469.24105943351805,kg / s,3.9,bar,169.23735647355213,kJ / kg,40.32671989322199,C,-102.37129125692388,K,102.37129125692388,K,0.4729215145861828,m^3 / s,0.001007843420942549,m^3 / kg,0.0,-,576.6106117061768,J / kgK,l,1
c33,469.24105943351805,kg / s,3.85,bar,251.7048778262343,kJ / kg,60.0520906978403,C,-82.18368248509881,K,82.18368248509881,K,0.4772138279087579,m^3 / s,0.0010169907733241946,m^3 / kg,0.0,-,831.7530581320086,J / kgK,l,1
c34,60.03088898691372,kg / s,0.251,bar,272.4186232652657,kJ / kg,65.052090697425,C,0.0,K,0.0,K,0.07458040174717016,m^3 / s,0.0012423671047654837,m^3 / kg,3.6003822285160014e-05,-,894.546878793928,J / kgK,tp,1
c35,60.03088898691372,kg / s,1.27,bar,272.4186232652657,kJ / kg,65.05209069786895,C,-41.37528605050716,K,41.37528605050716,K,0.06122266185239664,m^3 / s,0.0010198526606151495,m^3 / kg,0.0,-,894.2395910481979,J / kgK,l,1
c36,60.03088898691372,kg / s,1.27,bar,446.30564034574763,kJ / kg,106.4273767483761,C,0.0,K,0.0,K,0.06294899644188899,m^3 / s,0.0010486100989710713,m^3 / kg,0.0,-,1379.2513176083478,J / kgK,tp,1
c37,469.24105943351805,kg / s,3.8,bar,273.9505701175819,kJ / kg,65.36791702882607,C,-76.40075926008865,K,76.40075926008865,K,0.47858644235900766,m^3 / s,0.0010199159530855455,m^3 / kg,0.0,-,898.0045639714396,J / kgK,l,1
c38,31.030812308199916,kg / s,1.27,bar,2736.147989821549,kJ / kg,130.93145276038865,C,24.504076012012547,K,-24.504076012012547,K,44.96638685819464,m^3 / s,1.4490882936478022,m^3 / kg,1.0,-,7407.763147619362,J / kgK,g,1
c39,0.6878760042417063,kg / s,1.27,bar,2736.147989821549,kJ / kg,130.93145276038865,C,24.504076012012547,K,-24.504076012012547,K,0.9967930652278825,m^3 / s,1.4490882936478022,m^3 / kg,1.0,-,7407.763147619362,J / kgK,g,1
c4,0.008,kg / s,1.27,bar,3347.0471093899196,kJ / kg,433.0983184235497,C,326.6709416751736,K,-326.6709416751736,K,0.020504024564746485,m^3 / s,2.5630030705933105,m^3 / kg,-1.0,-,8534.30037437837,J / kgK,state not recognised,1
c40,0.03400000000000787,kg / s,1.27,bar,3147.0285801217915,kJ / kg,336.12636322211836,C,229.69898647374225,K,-229.69898647374225,K,0.07509844389876259,m^3 / s,2.2087777617278004,m^3 / kg,1.0,-,8229.762971014845,J / kgK,g,1
c41,469.24105943351805,kg / s,3.75,bar,425.3893281547147,kJ / kg,101.42737674837838,C,-39.86922622034899,K,39.86922622034899,K,0.49009633562806,m^3 / s,0.0010444446959090047,m^3 / kg,0.0,-,1323.092775137245,J / kgK,l,1
c42,29.0000766787138,kg / s,1.27,bar,446.4992639265227,kJ / kg,106.42737674837605,C,-5.684341886080802e-14,K,5.684341886080802e-14,K,0.033803828318168125,m^3 / s,0.0011656461702730704,m^3 / kg,8.646654353168926e-05,-,1379.761420666738,J / kgK,tp,1
c43,29.0000766787138,kg / s,3.9,bar,446.4992639265227,kJ / kg,106.42737674837645,C,-36.27063440176943,K,36.27063440176943,K,0.030405760463684144,m^3 / s,0.001048471726490369,m^3 / kg,0.0,-,1379.0349119923385,J / kgK,l,1
c44,29.0000766787138,kg / s,3.9,bar,600.7428490906043,kJ / kg,142.69801115014587,C,0.0,K,0.0,K,0.031395074872118484,m^3 / s,0.0010825859262352442,m^3 / kg,0.0,-,1767.0852111349188,J / kgK,tp,1
c45,469.24105943351805,kg / s,3.7,bar,434.92190359122515,kJ / kg,103.68819233956532,C,-37.13123891409771,K,37.13123891409771,K,0.4909446261949113,m^3 / s,0.0010462524886198034,m^3 / kg,0.0,-,1348.4790678850425,J / kgK,l,1
c46,469.24105943351805,kg / s,3.65,bar,579.3115353607988,kJ / kg,137.69801115014616,C,-2.6390233220975006,K,2.6390233220975006,K,0.5055447284531156,m^3 / s,0.0010773667783109697,m^3 / kg,0.0,-,1715.3019249819306,J / kgK,l,1
c47,0.016,kg / s,1.27,bar,3151.1005662533166,kJ / kg,338.12719779355393,C,231.69982104517783,K,-231.69982104517783,K,0.03545757278047617,m^3 / s,2.2160982987797606,m^3 / kg,1.0,-,8236.435335608852,J / kgK,g,1
c48,0.016,kg / s,10.24,bar,3151.1005662533166,kJ / kg,346.8960398836158,C,165.98486845849783,K,-165.98486845849783,K,0.0043885856488030785,m^3 / s,0.2742866030501924,m^3 / kg,1.0,-,7280.729773319218,J / kgK,g,1
c49,0.5218682691013606,kg / s,10.24,bar,3151.1005662533166,kJ / kg,346.8960398836158,C,165.98486845849783,K,-165.98486845849783,K,0.1431414747714959,m^3 / s,0.2742866030501924,m^3 / kg,1.0,-,7280.729773319218,J / kgK,g,1
c5,0.01,kg / s,1.27,bar,2980.4985788968534,kJ / kg,253.4436156883014,C,147.0162389399253,K,-147.0162389399253,K,0.019055118139212842,m^3 / s,1.905511813921284,m^3 / kg,1.0,-,7936.091733199854,J / kgK,g,1
c50,0.5218682691013606,kg / s,3.65,bar,3151.1005662533166,kJ / kg,340.4889706295087,C,200.15193615726503,K,-200.15193615726503,K,0.4021791318007529,m^3 / s,0.7706525872770376,m^3 / kg,1.0,-,7751.253135707466,J / kgK,g,1
c51,110.72307229738055,kg / s,3.65,bar,626.4108235599494,kJ / kg,140.33703447224366,C,0.0,K,0.0,K,1.0496706946131196,m^3 / s,0.00948014422679592,m^3 / kg,0.01670502024446552,-,1829.2969893602747,J / kgK,tp,1
c52,580.486,kg / s,3.65,bar,590.6074373850948,kJ / kg,140.33703447224366,C,0.0,K,0.0,K,0.6269872756121856,m^3 / s,0.0010801074885736877,m^3 / kg,0.0,-,1742.7080925148096,J / kgK,tp,1
c53,110.72307229738055,kg / s,21.5,bar,626.4108235599494,kJ / kg,148.41780278626555,C,-67.64634668823612,K,67.64634668823612,K,0.12042534346281751,m^3 / s,0.0010876264627066937,m^3 / kg,0.0,-,1823.8277889264755,J / kgK,l,1
c54,580.486,kg / s,193.2,bar,616.0835512657546,kJ / kg,143.41780278626578,C,-219.44549930074555,K,219.44549930074555,K,0.6220837309977566,m^3 / s,0.001071660179569803,m^3 / kg,0.0,-,1754.957222652657,J / kgK,l,1
c55,110.72307229738055,kg / s,21.5,bar,925.4197089557788,kJ / kg,216.06414947450168,C,0.0,K,0.0,K,0.13100106013331567,m^3 / s,0.0011831414845631487,m^3 / kg,0.0,-,2481.111357609157,J / kgK,tp,1
c56,580.486,kg / s,193.15,bar,673.1171101030765,kJ / kg,156.83528919955842,C,-206.0064513589055,K,206.0064513589055,K,0.6301915912061931,m^3 / s,0.0010856275452055572,m^3 / kg,0.0,-,1889.7218190600415,J / kgK,l,1
c57,60.16397308941266,kg / s,21.5,bar,3057.26089462477,kJ / kg,316.06414947450185,C,100.00000000000017,K,-100.00000000000017,K,7.2360020081744105,m^3 / s,0.12027134573410951,m^3 / kg,1.0,-,6793.629734009515,J / kgK,g,1
c58,50.559099207967904,kg / s,21.5,bar,1096.0762704854965,kJ / kg,216.06414947450168,C,0.0,K,0.0,K,0.48144160617329956,m^3 / s,0.00952235331948767,m^3 / kg,0.09105189916952516,-,2829.949513073449,J / kgK,tp,1
c59,580.486,kg / s,193.1,bar,908.9337839769726,kJ / kg,211.06414947450122,C,-151.75602453415416,K,151.75602453415416,K,0.6711164206929984,m^3 / s,0.0011561285210892225,m^3 / kg,0.0,-,2406.0212326328433,J / kgK,l,1
c6,0.01,kg / s,41.2,bar,2980.4985788968534,kJ / kg,308.1485805736245,C,56.03545890639327,K,-56.03545890639327,K,0.0005819327656655618,m^3 / s,0.058193276566556186,m^3 / kg,1.0,-,6384.321054851608,J / kgK,g,1
c60,50.559099207967904,kg / s,41.2,bar,1096.0762704854965,kJ / kg,252.1131216672312,C,0.0,K,0.0,K,0.06353743237234283,m^3 / s,0.0012566962894451567,m^3 / kg,0.0,-,2812.845896723685,J / kgK,tp,1
c61,50.559099207967904,kg / s,41.2,bar,2980.4985788968534,kJ / kg,308.1485805736245,C,56.03545890639327,K,-56.03545890639327,K,2.942199643165228,m^3 / s,0.058193276566556186,m^3 / kg,1.0,-,6384.321054851608,J / kgK,g,1
c62,580.486,kg / s,193.05,bar,1073.0629695915743,kJ / kg,247.11312166646792,C,-115.68548077003709,K,115.68548077003709,K,0.70842107223459,m^3 / s,0.0012203930365841554,m^3 / kg,0.0,-,2732.875118867511,J / kgK,l,1
c63,580.486,kg / s,193.0,bar,1103.0178073337183,kJ / kg,253.49089416042057,C,-109.28613168051072,K,109.28613168051072,K,0.7162396666748723,m^3 / s,0.001233862085691769,m^3 / kg,0.0,-,2790.112474012808,J / kgK,l,1
c64,529.9089007920321,kg / s,41.2,bar,2980.4985788968534,kJ / kg,308.1485805736245,C,56.03545890639327,K,-56.03545890639327,K,30.837135218870507,m^3 / s,0.058193276566556186,m^3 / kg,1.0,-,6384.321054851608,J / kgK,g,1
c65,0.018000000000000002,kg / s,1.27,bar,3143.4090368937714,kJ / kg,334.34694478477445,C,227.91956803639835,K,-227.91956803639835,K,0.039640802146847405,m^3 / s,2.202266785935967,m^3 / kg,1.0,-,8223.813554856952,J / kgK,g,1
c7,580.478,kg / s,191.0,bar,3347.0471093899196,kJ / kg,529.9999999986525,C,168.09017036878925,K,-168.09017036878925,K,9.733207238782228,m^3 / s,0.01676757299808473,m^3 / kg,-1.0,-,6297.003144826602,J / kgK,state not recognised,1
c8,580.468,kg / s,41.2,bar,2980.4985788968534,kJ / kg,308.1485805736245,C,56.03545890639327,K,-56.03545890639327,K,33.77933486203573,m^3 / s,0.058193276566556186,m^3 / kg,1.0,-,6384.321054851608,J / kgK,g,1
c9,469.7449277026194,kg / s,21.5,bar,3346.277112282879,kJ / kg,445.48634147196924,C,229.42219199746756,K,-229.42219199746756,K,70.8674742797872,m^3 / s,0.15086373497714733,m^3 / kg,-1.0,-,7237.366788340239,J / kgK,state not recognised,1
condenser_hot_in,469.24105943351805,kg / s,0.058,bar,1971.6825703734573,kJ / kg,35.54213272406031,C,0.0,K,0.0,K,8672.957252407423,m^3 / s,18.482946191617756,m^3 / kg,0.7542687393594775,-,6417.33327155027,J / kgK,tp,1
d65,0.01800000000000787,kg / s,1.27,bar,3143.4090368937714,kJ / kg,334.34694478477445,C,227.91956803639835,K,-227.91956803639835,K,0.03964080214686474,m^3 / s,2.202266785935967,m^3 / kg,1.0,-,8223.813554856952,J / kgK,g,1
deaerator_cold_in,579.9641317308987,kg / s,3.65,bar,588.3034326301449,kJ / kg,139.79905849392657,C,-0.5379759783170925,K,0.5379759783170925,K,0.6260972213180324,m^3 / s,0.0010795447288256428,m^3 / kg,0.0,-,1737.132331660244,J / kgK,l,1
deaerator_drain,0.0,kg / s,3.65,bar,2733.878481113185,kJ / kg,140.33703447224366,C,0.0,K,0.0,K,0.0,m^3 / s,0.5039251573774068,m^3 / kg,1.0,-,6926.113774058513,J / kgK,tp,1
heater_b_hot_in,110.72307229738055,kg / s,21.5,bar,2161.7318425525355,kJ / kg,216.06414947450168,C,0.0,K,0.0,K,6.82011008498305,m^3 / s,0.06159610588356477,m^3 / kg,0.6596205075344265,-,5008.250310815566,J / kgK,tp,1
heater_g_hot_in,60.03088898691372,kg / s,1.27,bar,1630.0509498002054,kJ / kg,106.4273767483761,C,0.0,K,0.0,K,43.0160509957575,m^3 / s,0.7165652836681242,m^3 / kg,0.5286255161724654,-,4497.838941546655,J / kgK,tp,1
heater_i_hot_in,77.3491244674419,kg / s,0.251,bar,772.6261708388735,kJ / kg,65.052090697425,C,0.0,K,0.0,K,102.0334351845713,m^3 / s,1.3191285083972686,m^3 / kg,0.21332044240959414,-,2373.566557655459,J / kgK,tp,1
turbine1_out,580.478,kg / s,41.2,bar,2980.4985788968534,kJ / kg,308.1485805736245,C,56.03545890639327,K,-56.03545890639327,K,33.7799167948014,m^3 / s,0.058193276566556186,m^3 / kg,1.0,-,6384.321054851608,J / kgK,g,1
turbine2_out,529.9089007920321,kg / s,21.5,bar,3346.277112282879,kJ / kg,445.48634147196924,C,229.42219199746756,K,-229.42219199746756,K,79.9440359711206,m^3 / s,0.15086373497714733,m^3 / kg,-1.0,-,7237.366788340239,J / kgK,state not recognised,1
turbine3_out,469.7449277026194,kg / s,10.24,bar,3151.1005662533166,kJ / kg,346.8960398836158,C,165.98486845849783,K,-165.98486845849783,K,128.8447405196097,m^3 / s,0.2742866030501924,m^3 / kg,1.0,-,7280.729773319218,J / kgK,g,1
turbine4_out,469.20705943351805,kg / s,3.9,bar,2937.0657675917723,kJ / kg,236.4986941646477,C,93.80068301450183,K,-93.80068301450183,K,278.7063445012365,m^3 / s,0.5939943547262985,m^3 / kg,1.0,-,7338.808519859098,J / kgK,g,1
turbine5_out,440.20698275480424,kg / s,1.27,bar,2736.147989821549,kJ / kg,130.93145276038865,C,24.504076012012547,K,-24.504076012012547,K,637.8987854920068,m^3 / s,1.4490882936478022,m^3 / kg,1.0,-,7407.763147619362,J / kgK,g,1
turbine6_out,408.48829444236264,kg / s,0.251,bar,2506.515503419529,kJ / kg,65.052090697425,C,0.0,K,0.0,K,2404.921606497416,m^3 / s,5.887369697534255,m^3 / kg,0.9526367815289465,-,7500.35134188046,J / kgK,tp,1
